{"name":"Category","identifier":"NDVCLMUCCA","description":null,"slotTypeName":"Categories","obfuscationSetting":null,"valueElicitationSetting":{"slotCaptureSetting":{"codeHook":null,"captureResponse":null,"captureNextStep":{"intent":{"name":null,"slots":null},"sessionAttributes":null,"dialogAction":{"type":"ElicitSlot","slotToElicit":"FirstName","suppressNextMessage":null}},"captureConditional":null,"failureResponse":null,"failureNextStep":{"intent":{"name":"FallbackIntent","slots":null},"sessionAttributes":null,"dialogAction":{"type":"StartIntent","slotToElicit":null,"suppressNextMessage":null}},"failureConditional":null,"elicitationCodeHook":{"enableCodeHookInvocation":true,"invocationLabel":null}},"slotConstraint":"Required","promptSpecification":{"messageGroupsList":[{"message":{"ssmlMessage":null,"customPayload":null,"plainTextMessage":null,"imageResponseCard":{"title":"Right! What category would your ticket be?","subtitle":"Select your ticket category below!","imageUrl":null,"buttonsList":[{"value":"I want go Economic","text":"Economic"},{"value":"I want go Executive","text":"Executive"},{"value":"I want go First Class","text":"First Class"}]}},"variations":null},{"message":{"ssmlMessage":null,"customPayload":null,"plainTextMessage":{"value":"Economy: $1,299.90 or in up to 3 installments of $433.30"},"imageResponseCard":null},"variations":null},{"message":{"ssmlMessage":null,"customPayload":null,"plainTextMessage":{"value":"Executive: $2,399.90 or in up to 3 installments of $799.96"},"imageResponseCard":null},"variations":null},{"message":{"ssmlMessage":null,"customPayload":null,"plainTextMessage":{"value":"First Class: $4,499.90 or in up to 3 installments of $1,499.96"},"imageResponseCard":null},"variations":null}],"maxRetries":4,"messageSelectionStrategy":"Random","allowInterrupt":true,"promptAttemptsSpecification":{"Retry1":{"textInputSpecification":{"startTimeoutMs":30000},"allowedInputTypes":{"allowAudioInput":true,"allowDTMFInput":true},"audioAndDTMFInputSpecification":{"audioSpecification":{"endTimeoutMs":640,"maxLengthMs":15000},"startTimeoutMs":4000,"dtmfSpecification":{"maxLength":513,"endTimeoutMs":5000,"deletionCharacter":"*","endCharacter":"#"}},"allowInterrupt":true},"Retry2":{"textInputSpecification":{"startTimeoutMs":30000},"allowedInputTypes":{"allowAudioInput":true,"allowDTMFInput":true},"audioAndDTMFInputSpecification":{"audioSpecification":{"endTimeoutMs":640,"maxLengthMs":15000},"startTimeoutMs":4000,"dtmfSpecification":{"maxLength":513,"endTimeoutMs":5000,"deletionCharacter":"*","endCharacter":"#"}},"allowInterrupt":true},"Initial":{"textInputSpecification":{"startTimeoutMs":30000},"allowedInputTypes":{"allowAudioInput":true,"allowDTMFInput":true},"audioAndDTMFInputSpecification":{"audioSpecification":{"endTimeoutMs":640,"maxLengthMs":15000},"startTimeoutMs":4000,"dtmfSpecification":{"maxLength":513,"endTimeoutMs":5000,"deletionCharacter":"*","endCharacter":"#"}},"allowInterrupt":true},"Retry4":{"textInputSpecification":{"startTimeoutMs":30000},"allowedInputTypes":{"allowAudioInput":true,"allowDTMFInput":true},"audioAndDTMFInputSpecification":{"audioSpecification":{"endTimeoutMs":640,"maxLengthMs":15000},"startTimeoutMs":4000,"dtmfSpecification":{"maxLength":513,"endTimeoutMs":5000,"deletionCharacter":"*","endCharacter":"#"}},"allowInterrupt":true},"Retry3":{"textInputSpecification":{"startTimeoutMs":30000},"allowedInputTypes":{"allowAudioInput":true,"allowDTMFInput":true},"audioAndDTMFInputSpecification":{"audioSpecification":{"endTimeoutMs":640,"maxLengthMs":15000},"startTimeoutMs":4000,"dtmfSpecification":{"maxLength":513,"endTimeoutMs":5000,"deletionCharacter":"*","endCharacter":"#"}},"allowInterrupt":true}}},"defaultValueSpecification":null,"sampleUtterances":null,"waitAndContinueSpecification":null},"multipleValuesSetting":null}