{"name":"Destiny","identifier":"TJCBRFAYJ0","description":null,"slotTypeName":"Destinations","obfuscationSetting":null,"valueElicitationSetting":{"slotCaptureSetting":{"codeHook":null,"captureResponse":null,"captureNextStep":{"intent":{"name":null,"slots":null},"sessionAttributes":null,"dialogAction":{"type":"ElicitSlot","slotToElicit":"Category","suppressNextMessage":null}},"captureConditional":null,"failureResponse":null,"failureNextStep":{"intent":{"name":"FallbackIntent","slots":null},"sessionAttributes":null,"dialogAction":{"type":"StartIntent","slotToElicit":null,"suppressNextMessage":null}},"failureConditional":null,"elicitationCodeHook":{"enableCodeHookInvocation":true,"invocationLabel":null}},"slotConstraint":"Required","promptSpecification":{"messageGroupsList":[{"message":{"ssmlMessage":null,"customPayload":null,"plainTextMessage":null,"imageResponseCard":{"title":"Right! What would be your destiny?","subtitle":"Select below where you want to go","imageUrl":null,"buttonsList":[{"value":"I want to go to Paris","text":"Paris"},{"value":"I want to go to New York","text":"New York"},{"value":"I want to go to Tokyo","text":"Tokyo"},{"value":"I want to go to Zurique","text":"Zurique"}]}},"variations":null}],"maxRetries":4,"messageSelectionStrategy":"Random","allowInterrupt":true,"promptAttemptsSpecification":{"Retry1":{"textInputSpecification":{"startTimeoutMs":30000},"allowedInputTypes":{"allowAudioInput":true,"allowDTMFInput":true},"audioAndDTMFInputSpecification":{"audioSpecification":{"endTimeoutMs":640,"maxLengthMs":15000},"startTimeoutMs":4000,"dtmfSpecification":{"maxLength":513,"endTimeoutMs":5000,"deletionCharacter":"*","endCharacter":"#"}},"allowInterrupt":true},"Retry2":{"textInputSpecification":{"startTimeoutMs":30000},"allowedInputTypes":{"allowAudioInput":true,"allowDTMFInput":true},"audioAndDTMFInputSpecification":{"audioSpecification":{"endTimeoutMs":640,"maxLengthMs":15000},"startTimeoutMs":4000,"dtmfSpecification":{"maxLength":513,"endTimeoutMs":5000,"deletionCharacter":"*","endCharacter":"#"}},"allowInterrupt":true},"Initial":{"textInputSpecification":{"startTimeoutMs":30000},"allowedInputTypes":{"allowAudioInput":true,"allowDTMFInput":true},"audioAndDTMFInputSpecification":{"audioSpecification":{"endTimeoutMs":640,"maxLengthMs":15000},"startTimeoutMs":4000,"dtmfSpecification":{"maxLength":513,"endTimeoutMs":5000,"deletionCharacter":"*","endCharacter":"#"}},"allowInterrupt":true},"Retry4":{"textInputSpecification":{"startTimeoutMs":30000},"allowedInputTypes":{"allowAudioInput":true,"allowDTMFInput":true},"audioAndDTMFInputSpecification":{"audioSpecification":{"endTimeoutMs":640,"maxLengthMs":15000},"startTimeoutMs":4000,"dtmfSpecification":{"maxLength":513,"endTimeoutMs":5000,"deletionCharacter":"*","endCharacter":"#"}},"allowInterrupt":true},"Retry3":{"textInputSpecification":{"startTimeoutMs":30000},"allowedInputTypes":{"allowAudioInput":true,"allowDTMFInput":true},"audioAndDTMFInputSpecification":{"audioSpecification":{"endTimeoutMs":640,"maxLengthMs":15000},"startTimeoutMs":4000,"dtmfSpecification":{"maxLength":513,"endTimeoutMs":5000,"deletionCharacter":"*","endCharacter":"#"}},"allowInterrupt":true}}},"defaultValueSpecification":null,"sampleUtterances":null,"waitAndContinueSpecification":null},"multipleValuesSetting":null}